<?xml version="1.0" encoding="UTF-8" standalone="yes"?><ordres xmlns:ns2="calafie/builder/ordre" xmlns="calafie/builder/vocation" xmlns:ns4="calafie" xmlns:ns3="calafie/builder/fiche"><ns2:ordre><ns2:pv>0.6</ns2:pv><ns2:argent>0.0</ns2:argent><ns2:difficulte>5</ns2:difficulte><ns2:automatique>false</ns2:automatique><ns2:nom>Appui/Pression Politique</ns2:nom><ns2:type>Organisations</ns2:type><ns2:competence>Éloquence</ns2:competence><ns2:caracteristique>CHA</ns2:caracteristique><ns2:oposition></ns2:oposition><ns2:legal>true</ns2:legal><ns2:description>Vous pouvez utiliser la puissance de votre organisation pour appuyer ou exercer une pression sur : un membre de votre organisation (même sans fonction) : sa PP augmentera/baissera de X points une personne ayant la même nationalité que votre organisation et qui exerce une fonction (même à l'étranger) : sa PP augmentera/baissera de X points L'ordre coûte X points d'influence (de 1 à 10). En cas d'échec, toutefois, votre discours est si mal construit que la PP va dans l'autre sens (de 1 point). Vous ne pouvez pas vous choisir comme cible de cet ordre. Il faut attendre 3 jours avant de pouvoir passer à nouveau cet ordre. Vous devez être au minimum de rang 4 pour accéder à cet ordre. Le message apparaît dans le rapport public de l'endroit où la cible exerce sa fonction (ou à l'endroit où elle se trouve si elle n'a pas de fonction).</ns2:description></ns2:ordre><ns2:ordre><ns2:pv>0.6</ns2:pv><ns2:argent>0.0</ns2:argent><ns2:difficulte>3</ns2:difficulte><ns2:automatique>false</ns2:automatique><ns2:nom>Campagne de Presse</ns2:nom><ns2:type>Organisations</ns2:type><ns2:competence>Éloquence</ns2:competence><ns2:caracteristique>CHA</ns2:caracteristique><ns2:oposition></ns2:oposition><ns2:legal>true</ns2:legal><ns2:description>Vous pouvez utiliser votre média pour mener une campagne de presse favorable/défavorable vis-à-vis d'une personne de votre liste de contact. Elle doit cependant être citoyenne de l'empire où opère votre organisation. L'ordre coûte 10 points d'influence. En cas de réussite, selon le type de campagne, la cible obtient les avantages/désavantages suivants jusqu'à son prochain sommeil : +3/-3 en bonus de pouvoirs sur l'ordre Dormir +3/-3 de modificateur sur l'ordre Usurper Vous ne pouvez pas vous choisir comme cible de cet ordre. Il faut attendre 2 jours avant de pouvoir passer à nouveau cet ordre. Vous devez être au minimum de rang 4 pour accéder à cet ordre. Le message apparaît dans le rapport public de l'endroit où la cible exerce sa fonction (ou à l'endroit où elle se trouve si elle n'a pas de fonction).</ns2:description></ns2:ordre><ns2:ordre><ns2:pv>3.0</ns2:pv><ns2:argent>0.0</ns2:argent><ns2:difficulte>5</ns2:difficulte><ns2:automatique>false</ns2:automatique><ns2:nom>Conversion en Solitaire</ns2:nom><ns2:type>Personnage</ns2:type><ns2:competence>Foi</ns2:competence><ns2:caracteristique>VOL</ns2:caracteristique><ns2:oposition></ns2:oposition><ns2:legal>true</ns2:legal><ns2:description>Vous pouvez vous convertir à une religion en l'étudiant par vous-même au lieu de vous rendre dans un temple. Cela demande toutefois plus d'énergie (3 PdV au lieu de 1 PdV) et la difficulté est plus importante (8 au lieu de 4). Le Mystique et l'Obscurantiste obtiennent un bonus égal à leur niveau.</ns2:description></ns2:ordre><ns2:ordre><ns2:pv>0.2</ns2:pv><ns2:argent>0.0</ns2:argent><ns2:difficulte>0</ns2:difficulte><ns2:automatique>false</ns2:automatique><ns2:nom>Détourner 250</ns2:nom><ns2:type>Batiments</ns2:type><ns2:competence>Falsification</ns2:competence><ns2:caracteristique>GES</ns2:caracteristique><ns2:oposition></ns2:oposition><ns2:legal>false</ns2:legal><ns2:politique>true</ns2:politique><ns2:gravite>DELIT</ns2:gravite><ns2:description></ns2:description></ns2:ordre><ns2:ordre><ns2:pv>0.2</ns2:pv><ns2:argent>0.0</ns2:argent><ns2:difficulte>5</ns2:difficulte><ns2:automatique>false</ns2:automatique><ns2:nom>Détourner 500</ns2:nom><ns2:type>Batiments</ns2:type><ns2:competence>Falsification</ns2:competence><ns2:caracteristique>GES</ns2:caracteristique><ns2:oposition></ns2:oposition><ns2:legal>false</ns2:legal><ns2:politique>true</ns2:politique><ns2:gravite>DELIT</ns2:gravite><ns2:description></ns2:description></ns2:ordre><ns2:ordre><ns2:pv>0.2</ns2:pv><ns2:argent>0.0</ns2:argent><ns2:difficulte>10</ns2:difficulte><ns2:automatique>false</ns2:automatique><ns2:nom>Détourner 750</ns2:nom><ns2:type>Batiments</ns2:type><ns2:competence>Falsification</ns2:competence><ns2:caracteristique>GES</ns2:caracteristique><ns2:oposition></ns2:oposition><ns2:legal>false</ns2:legal><ns2:politique>true</ns2:politique><ns2:gravite>DELIT</ns2:gravite><ns2:description></ns2:description></ns2:ordre><ns2:ordre><ns2:pv>0.0</ns2:pv><ns2:argent>0.0</ns2:argent><ns2:difficulte>5</ns2:difficulte><ns2:automatique>false</ns2:automatique><ns2:nom>Faire consommer</ns2:nom><ns2:type>Rencontres</ns2:type><ns2:competence>Médecine</ns2:competence><ns2:caracteristique>VOL</ns2:caracteristique><ns2:oposition>PER</ns2:oposition><ns2:legal>true</ns2:legal><ns2:description></ns2:description></ns2:ordre><ns2:ordre><ns2:pv>0.0</ns2:pv><ns2:argent>0.0</ns2:argent><ns2:difficulte>9</ns2:difficulte><ns2:automatique>false</ns2:automatique><ns2:nom>Faire consommer discrétement</ns2:nom><ns2:type>Rencontres</ns2:type><ns2:competence>Médecine</ns2:competence><ns2:caracteristique>VOL</ns2:caracteristique><ns2:oposition>PER</ns2:oposition><ns2:legal>true</ns2:legal><ns2:description></ns2:description></ns2:ordre><ns2:ordre><ns2:pv>0.2</ns2:pv><ns2:argent>0.0</ns2:argent><ns2:difficulte>4</ns2:difficulte><ns2:automatique>false</ns2:automatique><ns2:nom>Fouiller</ns2:nom><ns2:type>Personnage</ns2:type><ns2:competence>Observation</ns2:competence><ns2:caracteristique>PER</ns2:caracteristique><ns2:oposition></ns2:oposition><ns2:legal>true</ns2:legal><ns2:description>Vous pouvez fouiller un objet personnalisé à la recherche de mouchards cachés. Le résultat de votre jet est caché. Chaque passation de l'ordre augmente sa difficulté de 3, peu importe s'il s'agit d'un autre objet ou non (jusqu'au prochain sommeil).</ns2:description></ns2:ordre><ns2:ordre><ns2:pv>0.6</ns2:pv><ns2:argent>0.0</ns2:argent><ns2:difficulte>5</ns2:difficulte><ns2:automatique>false</ns2:automatique><ns2:nom>Influence Provinciale</ns2:nom><ns2:type>Organisations</ns2:type><ns2:competence>Éloquence</ns2:competence><ns2:caracteristique>CHA</ns2:caracteristique><ns2:oposition></ns2:oposition><ns2:legal>true</ns2:legal><ns2:description>Vous pouvez utiliser la puissance de votre organisation pour exercer une influence sur la politique d'une province (faisant partie de l'empire de votre organisation). Selon le gouvernement visé, l'indice de loyauté provinciale correspondant augmentera/baissera de X dixièmes de point. L'ordre coûte X points d'influence (de 1 à 10). En cas d'échec, toutefois, votre discours est si mal construit que la loyauté va dans l'autre sens (de 0,1). Il faut attendre 3 jours avant de pouvoir passer à nouveau cet ordre. Vous devez être au minimum de rang 4 pour accéder à cet ordre.</ns2:description></ns2:ordre><ns2:ordre><ns2:pv>0.2</ns2:pv><ns2:argent>0.0</ns2:argent><ns2:difficulte>2</ns2:difficulte><ns2:automatique>false</ns2:automatique><ns2:nom>Jeter de la Nourriture aux Monstres</ns2:nom><ns2:type>Personnage</ns2:type><ns2:competence>Survie</ns2:competence><ns2:caracteristique>PER</ns2:caracteristique><ns2:oposition></ns2:oposition><ns2:legal>true</ns2:legal><ns2:description>Vous pouvez jeter de la nourriture aux monstres peuplant la province. Ceux-ci la dévoreront et se reproduiront (la population augmentera de 1 par unité de nourriture). Vous devez être hors de la ville. Selon la décision du Ministre de l'Intérieur, l'ordre peut être illégal (délit) ou autorisé dans l'empire (à l'origine, il est illégal partout sauf au Paradigme Vert).</ns2:description></ns2:ordre><ns2:ordre><ns2:pv>1.0</ns2:pv><ns2:argent>0.0</ns2:argent><ns2:difficulte>0</ns2:difficulte><ns2:automatique>false</ns2:automatique><ns2:nom>Observer les Récifs</ns2:nom><ns2:type>Personnage</ns2:type><ns2:competence>Observation</ns2:competence><ns2:caracteristique>PER</ns2:caracteristique><ns2:oposition></ns2:oposition><ns2:legal>true</ns2:legal><ns2:description>En Australine, vous pouvez examiner les récifs et les pièges de l'île. Vous devez être à l'extérieur de la ville (en province) pour passer cet ordre. En cas de réussite, la difficulté pour sortir d'Australine baisse de 1. Vous ne pouvez passer qu'une seule fois l'ordre avant votre prochain sommeil.</ns2:description></ns2:ordre><ns2:ordre><ns2:pv>0.2</ns2:pv><ns2:argent>0.0</ns2:argent><ns2:difficulte>0</ns2:difficulte><ns2:automatique>false</ns2:automatique><ns2:nom>Prier</ns2:nom><ns2:type>Personnage</ns2:type><ns2:competence>Foi</ns2:competence><ns2:caracteristique>VOL</ns2:caracteristique><ns2:oposition></ns2:oposition><ns2:legal>true</ns2:legal><ns2:description>Vous pouvez prier votre divinité si vous vous êtes converti à une religion. Cette prière n'apporte aucun avantage immédiat mais vous permet de bénéficier de la prochaine intervention divine qui pourrait avoir lieu dans la journée. Vous pouvez aussi prier pour quelqu'un d'autre parmi vos contacts (vous pouvez ajouter un contact via l'interface kramail) : en ce cas, c'est cette personne qui bénéficiera de la prochaine intervention divine si elle est de la même religion que vous (votre prière apparaîtra dans son rapport). Vous pouvez prier pour autrui jusqu'à VOL fois avant votre prochain sommeil.</ns2:description></ns2:ordre><ns2:ordre><ns2:pv>0.5</ns2:pv><ns2:argent>0.0</ns2:argent><ns2:difficulte>5</ns2:difficulte><ns2:automatique>false</ns2:automatique><ns2:nom>Se Barricader</ns2:nom><ns2:type>Personnage</ns2:type><ns2:competence>Survie</ns2:competence><ns2:caracteristique>FOR</ns2:caracteristique><ns2:oposition></ns2:oposition><ns2:legal>true</ns2:legal><ns2:description>Vous pouvez vous barricader dans votre maison (en utilisant une planche non-personnalisée qui sera retirée de votre matériel). Dans ce cas, vous gagnez un +1 à la sécurité de votre résidence. Quiconque entre ou sort de la maison (en allant vers l'onglet Extérieur ou en venant de là) annule la protection (et récupère la planche). Il n'est pas possible de passer cet ordre quand on se trouve à l'Extérieur.</ns2:description></ns2:ordre><ns2:ordre><ns2:pv>1.0</ns2:pv><ns2:argent>0.0</ns2:argent><ns2:difficulte>10</ns2:difficulte><ns2:automatique>false</ns2:automatique><ns2:nom>Usurper BM</ns2:nom><ns2:type>Prérogatives</ns2:type><ns2:competence>Organisation</ns2:competence><ns2:caracteristique>GES</ns2:caracteristique><ns2:oposition></ns2:oposition><ns2:legal>true</ns2:legal><ns2:description>Vous pouvez usurper le poste de votre supérieur hiérarchique et prendre sa place. La difficulté est additionnée du dixième de la PP (arrondi vers le bas) du fonctionnaire dont on tente d'usurper le poste (sauf si le poste est vacant). De nombreux modificateurs, décrits dans les règles, peuvent influencer le potentiel (vocation, effets provisoires, etc). Vous devez détenir votre poste actuel depuis 2 jours pour usurper un Bourgmestre</ns2:description></ns2:ordre><ns2:ordre><ns2:pv>1.0</ns2:pv><ns2:argent>0.0</ns2:argent><ns2:difficulte>20</ns2:difficulte><ns2:automatique>false</ns2:automatique><ns2:nom>Usurper CdG</ns2:nom><ns2:type>Prérogatives</ns2:type><ns2:competence>Organisation</ns2:competence><ns2:caracteristique>GES</ns2:caracteristique><ns2:oposition></ns2:oposition><ns2:legal>true</ns2:legal><ns2:description>Vous pouvez usurper le poste de votre supérieur hiérarchique et prendre sa place. La difficulté est additionnée du dixième de la PP (arrondi vers le bas) du fonctionnaire dont on tente d'usurper le poste (sauf si le poste est vacant). De nombreux modificateurs, décrits dans les règles, peuvent influencer le potentiel (vocation, effets provisoires, etc). Vous devez détenir votre poste actuel depuis 4 jours pour usurper un Bourgmestre</ns2:description></ns2:ordre><ns2:ordre><ns2:pv>1.0</ns2:pv><ns2:argent>0.0</ns2:argent><ns2:difficulte>15</ns2:difficulte><ns2:automatique>false</ns2:automatique><ns2:nom>Usurper Gouv</ns2:nom><ns2:type>Prérogatives</ns2:type><ns2:competence>Organisation</ns2:competence><ns2:caracteristique>GES</ns2:caracteristique><ns2:oposition></ns2:oposition><ns2:legal>true</ns2:legal><ns2:description>Vous pouvez usurper le poste de votre supérieur hiérarchique et prendre sa place. La difficulté est additionnée du dixième de la PP (arrondi vers le bas) du fonctionnaire dont on tente d'usurper le poste (sauf si le poste est vacant). De nombreux modificateurs, décrits dans les règles, peuvent influencer le potentiel (vocation, effets provisoires, etc). Vous devez détenir votre poste actuel depuis 4 jours pour usurper un Bourgmestre</ns2:description></ns2:ordre></ordres>